Timestamp,Heart Rate(bpm)
Mar 19 2025 13:31:12.777,72
Mar 19 2025 13:31:13.762,70
Mar 19 2025 13:31:35.931,73
Mar 19 2025 13:32:41.179,99
Mar 19 2025 13:32:43.190,99
Mar 19 2025 13:32:44.131,101
Mar 19 2025 13:32:53.714,99
Mar 19 2025 13:32:55.596,99
Mar 19 2025 13:32:57.607,99
Mar 19 2025 13:32:58.377,98
Mar 19 2025 13:32:59.361,98
Mar 19 2025 13:33:0.259,98
Mar 19 2025 13:33:46.201,103
Mar 19 2025 13:33:47.185,103
Mar 19 2025 13:34:0.615,103
Mar 19 2025 13:34:2.583,103
Mar 19 2025 13:34:3.610,104
Mar 19 2025 13:34:4.508,104
Mar 19 2025 13:34:7.459,105
Mar 19 2025 13:36:28.187,97
Mar 19 2025 13:37:11.301,96
Mar 19 2025 13:37:25.971,59
Mar 19 2025 13:37:28.879,58
Mar 19 2025 13:37:30.847,58
Mar 19 2025 13:37:31.830,57
Mar 19 2025 13:37:32.814,57
Mar 19 2025 13:37:33.755,57
Mar 19 2025 13:37:34.739,57
Mar 19 2025 13:37:36.707,57
Mar 19 2025 13:37:37.690,57
Mar 19 2025 13:37:39.658,57
Mar 19 2025 13:37:41.582,57
Mar 19 2025 13:37:43.593,57
Mar 19 2025 13:37:45.517,57
Mar 19 2025 13:37:46.544,57
Mar 19 2025 13:37:48.554,57
Mar 19 2025 13:37:49.324,57
Mar 19 2025 13:37:53.219,57
Mar 19 2025 13:37:54.200,57
Mar 19 2025 13:37:56.124,57
Mar 19 2025 13:37:57.151,57
Mar 19 2025 13:37:58.49,57
Mar 19 2025 13:38:0.59,57
Mar 19 2025 13:38:1.941,57
Mar 19 2025 13:38:2.839,57
Mar 19 2025 13:38:5.747,57
Mar 19 2025 13:38:7.757,57
Mar 19 2025 13:38:8.570,57
Mar 19 2025 13:38:9.596,57
Mar 19 2025 13:38:10.497,57
Mar 19 2025 13:38:14.343,58
Mar 19 2025 13:38:16.353,58
Mar 19 2025 13:38:18.192,58
Mar 19 2025 13:38:19.47,58
Mar 19 2025 13:38:20.929,58
Mar 19 2025 13:38:22.939,58
Mar 19 2025 13:38:27.729,60
Mar 19 2025 13:38:28.713,61
Mar 19 2025 13:38:30.637,62
Mar 19 2025 13:38:34.489,61
Mar 19 2025 13:38:35.470,59
Mar 19 2025 13:38:36.368,59
Mar 19 2025 13:38:41.201,58
Mar 19 2025 13:38:46.33,58
Mar 19 2025 13:38:48.813,58
Mar 19 2025 13:38:49.797,58
Mar 19 2025 13:38:50.738,56
Mar 19 2025 13:38:52.747,56
Mar 19 2025 13:38:54.757,56
Mar 19 2025 13:38:56.767,56
Mar 19 2025 13:38:58.777,56
Mar 19 2025 13:39:0.316,56
Mar 19 2025 13:39:1.257,56
Mar 19 2025 13:39:3.266,56
Mar 19 2025 13:39:5.276,56
Mar 19 2025 13:39:7.30,56
Mar 19 2025 13:39:9.39,56
Mar 19 2025 13:39:12.805,56
Mar 19 2025 13:39:13.701,56
Mar 19 2025 13:39:14.770,56
Mar 19 2025 13:39:15.582,56
Mar 19 2025 13:39:16.523,56
Mar 19 2025 13:39:18.533,56
Mar 19 2025 13:39:19.431,56
Mar 19 2025 13:39:21.443,56
Mar 19 2025 13:39:23.451,56
Mar 19 2025 13:39:24.135,56
Mar 19 2025 13:39:26.60,56
Mar 19 2025 13:39:27.86,56
Mar 19 2025 13:39:27.941,56
Mar 19 2025 13:39:28.925,56
Mar 19 2025 13:39:31.790,56
Mar 19 2025 13:39:32.731,56
Mar 19 2025 13:39:33.715,56
Mar 19 2025 13:39:35.725,56
Mar 19 2025 13:39:36.708,56
Mar 19 2025 13:39:40.557,56
Mar 19 2025 13:39:42.524,56
Mar 19 2025 13:39:43.507,56
Mar 19 2025 13:39:44.490,56
Mar 19 2025 13:39:45.474,56
Mar 19 2025 13:39:46.457,56
Mar 19 2025 13:39:47.441,56
Mar 19 2025 13:39:49.408,56
Mar 19 2025 13:39:51.374,56
Mar 19 2025 13:39:52.401,56
Mar 19 2025 13:39:54.282,56
Mar 19 2025 13:39:55.309,58
Mar 19 2025 13:39:57.318,58
Mar 19 2025 13:39:58.173,58
Mar 19 2025 13:39:59.157,59
Mar 19 2025 13:40:1.166,59
Mar 19 2025 13:40:4.74,60
Mar 19 2025 13:40:6.84,60
Mar 19 2025 13:40:8.94,60
Mar 19 2025 13:40:8.991,59
Mar 19 2025 13:40:14.806,58
Mar 19 2025 13:40:16.816,58
Mar 19 2025 13:40:20.664,57
Mar 19 2025 13:40:22.632,57
Mar 19 2025 13:40:23.615,57
Mar 19 2025 13:40:24.599,57
Mar 19 2025 13:40:25.582,57
Mar 19 2025 13:40:27.592,57
Mar 19 2025 13:40:29.516,55
Mar 19 2025 13:40:30.371,55
Mar 19 2025 13:40:31.355,55
Mar 19 2025 13:40:32.338,55
Mar 19 2025 13:40:34.348,55
Mar 19 2025 13:40:35.160,54
Mar 19 2025 13:40:36.187,54
Mar 19 2025 13:40:37.44,54
Mar 19 2025 13:40:38.26,54
Mar 19 2025 13:40:39.9,54
Mar 19 2025 13:40:39.907,54
Mar 19 2025 13:40:41.916,54
Mar 19 2025 13:40:43.712,54
Mar 19 2025 13:40:44.696,55
Mar 19 2025 13:40:45.636,55
Mar 19 2025 13:40:46.577,55
Mar 19 2025 13:40:48.501,55
Mar 19 2025 13:40:49.485,55
Mar 19 2025 13:40:50.468,55
Mar 19 2025 13:40:51.452,55
Mar 19 2025 13:40:53.419,55
Mar 19 2025 13:40:54.319,55
Mar 19 2025 13:40:55.343,57
Mar 19 2025 13:40:59.105,57
Mar 19 2025 13:41:0.89,57
Mar 19 2025 13:41:2.55,54
Mar 19 2025 13:41:4.65,54
Mar 19 2025 13:41:5.861,54
Mar 19 2025 13:41:6.844,54
Mar 19 2025 13:41:7.742,54
Mar 19 2025 13:41:9.751,54
Mar 19 2025 13:41:11.803,54
Mar 19 2025 13:41:13.813,54
Mar 19 2025 13:41:15.823,54
Mar 19 2025 13:41:17.835,54
Mar 19 2025 13:41:19.842,54
Mar 19 2025 13:41:21.851,54
Mar 19 2025 13:41:23.861,54
Mar 19 2025 13:41:25.871,54
Mar 19 2025 13:41:27.880,54
Mar 19 2025 13:41:29.890,54
Mar 19 2025 13:41:31.900,54
Mar 19 2025 13:41:35.748,56
Mar 19 2025 13:41:36.732,56
Mar 19 2025 13:41:37.715,56
Mar 19 2025 13:41:39.724,56
Mar 19 2025 13:41:41.606,56
Mar 19 2025 13:41:42.589,56
Mar 19 2025 13:41:44.556,56
Mar 19 2025 13:41:46.523,56
Mar 19 2025 13:41:49.473,57
Mar 19 2025 13:41:52.424,57
Mar 19 2025 13:41:54.433,57
Mar 19 2025 13:41:56.357,57
Mar 19 2025 13:41:57.340,57
Mar 19 2025 13:41:58.366,58
Mar 19 2025 13:42:3.197,55
Mar 19 2025 13:42:6.105,55
Mar 19 2025 13:42:7.88,55
Mar 19 2025 13:42:8.71,55
Mar 19 2025 13:42:9.55,55
Mar 19 2025 13:42:10.979,56
Mar 19 2025 13:42:12.946,56
Mar 19 2025 13:42:13.929,56
Mar 19 2025 13:42:16.836,56
Mar 19 2025 13:42:18.802,57
Mar 19 2025 13:42:19.786,57
Mar 19 2025 13:42:21.752,57
Mar 19 2025 13:42:22.736,57
Mar 19 2025 13:42:23.719,57
Mar 19 2025 13:42:24.702,57
Mar 19 2025 13:42:26.669,56
Mar 19 2025 13:42:28.638,56
Mar 19 2025 13:42:32.569,56
Mar 19 2025 13:42:35.519,56
Mar 19 2025 13:42:37.528,56
Mar 19 2025 13:42:39.538,56
Mar 19 2025 13:42:40.435,56
Mar 19 2025 13:42:41.419,56
Mar 19 2025 13:42:42.402,57
Mar 19 2025 13:42:45.395,57
Mar 19 2025 13:42:46.293,57
Mar 19 2025 13:42:47.319,57
Mar 19 2025 13:42:54.886,57
Mar 19 2025 13:42:57.665,57
Mar 19 2025 13:42:58.648,57
Mar 19 2025 13:42:59.588,57
Mar 19 2025 13:43:1.515,57
Mar 19 2025 13:43:2.410,57
Mar 19 2025 13:43:4.377,57
Mar 19 2025 13:43:6.343,57
Mar 19 2025 13:43:8.224,57
Mar 19 2025 13:43:10.236,57
Mar 19 2025 13:43:12.114,57
Mar 19 2025 13:43:12.969,57
Mar 19 2025 13:43:13.952,57
Mar 19 2025 13:43:15.919,57
Mar 19 2025 13:43:16.816,57
Mar 19 2025 13:43:18.697,57
Mar 19 2025 13:43:19.723,57
Mar 19 2025 13:43:21.561,57
Mar 19 2025 13:43:23.485,57
Mar 19 2025 13:43:25.494,57
Mar 19 2025 13:43:26.394,57
Mar 19 2025 13:43:28.358,57
Mar 19 2025 13:43:29.256,56
Mar 19 2025 13:43:30.282,56
Mar 19 2025 13:43:31.137,56
Mar 19 2025 13:43:32.120,56
Mar 19 2025 13:43:33.60,56
Mar 19 2025 13:43:35.882,56
Mar 19 2025 13:43:37.848,56
Mar 19 2025 13:43:39.815,56
Mar 19 2025 13:43:40.798,56
Mar 19 2025 13:43:41.738,56
Mar 19 2025 13:43:42.635,56
Mar 19 2025 13:43:43.661,56
Mar 19 2025 13:43:45.500,56
Mar 19 2025 13:43:46.483,56
Mar 19 2025 13:43:47.380,56
Mar 19 2025 13:43:49.389,56
Mar 19 2025 13:43:51.228,55
Mar 19 2025 13:43:52.211,55
Mar 19 2025 13:43:54.220,55
Mar 19 2025 13:43:56.271,55
Mar 19 2025 13:43:58.281,55
Mar 19 2025 13:44:0.290,55
Mar 19 2025 13:44:2.299,55
Mar 19 2025 13:44:2.598,54
Mar 19 2025 13:44:4.607,54
Mar 19 2025 13:44:6.616,54
Mar 19 2025 13:44:7.471,54
Mar 19 2025 13:44:8.369,54
Mar 19 2025 13:44:10.377,54
Mar 19 2025 13:44:11.275,56
Mar 19 2025 13:44:12.258,56
Mar 19 2025 13:44:17.46,57
Mar 19 2025 13:44:19.55,57
Mar 19 2025 13:44:20.893,57
Mar 19 2025 13:44:21.791,57
Mar 19 2025 13:44:23.757,56
Mar 19 2025 13:44:24.654,56
Mar 19 2025 13:44:26.663,56
Mar 19 2025 13:44:28.461,56
Mar 19 2025 13:44:29.399,56
Mar 19 2025 13:44:31.408,56
Mar 19 2025 13:44:33.419,56
Mar 19 2025 13:44:35.426,56
Mar 19 2025 13:44:37.435,56
Mar 19 2025 13:44:39.444,56
Mar 19 2025 13:44:41.453,56
Mar 19 2025 13:44:43.462,56
Mar 19 2025 13:44:45.471,56
Mar 19 2025 13:44:45.813,56
Mar 19 2025 13:44:46.754,56
Mar 19 2025 13:44:48.763,56
Mar 19 2025 13:44:50.772,56
Mar 19 2025 13:44:52.781,56
Mar 19 2025 13:44:54.619,56
Mar 19 2025 13:44:55.602,56
Mar 19 2025 13:44:56.585,57
Mar 19 2025 13:45:0.518,57
Mar 19 2025 13:45:1.501,59
Mar 19 2025 13:45:4.450,59
Mar 19 2025 13:45:6.417,59
Mar 19 2025 13:45:8.426,59
Mar 19 2025 13:45:9.366,59
Mar 19 2025 13:45:11.333,58
Mar 19 2025 13:45:12.316,58
Mar 19 2025 13:45:13.299,58
Mar 19 2025 13:45:14.282,58
Mar 19 2025 13:45:15.265,57
Mar 19 2025 13:45:17.274,57
Mar 19 2025 13:45:18.172,57
Mar 19 2025 13:45:19.155,57
Mar 19 2025 13:45:20.139,56
Mar 19 2025 13:45:21.122,56
Mar 19 2025 13:45:22.105,55
Mar 19 2025 13:45:24.71,55
Mar 19 2025 13:45:25.55,55
Mar 19 2025 13:45:26.38,55
Mar 19 2025 13:45:28.47,55
Mar 19 2025 13:45:28.987,55
Mar 19 2025 13:45:29.971,55
Mar 19 2025 13:45:30.954,55
Mar 19 2025 13:45:32.920,56
Mar 19 2025 13:45:34.929,56
Mar 19 2025 13:45:36.853,56
Mar 19 2025 13:45:37.836,56
Mar 19 2025 13:45:38.819,56
Mar 19 2025 13:45:39.803,56
Mar 19 2025 13:45:41.811,56
Mar 19 2025 13:45:46.685,57
Mar 19 2025 13:45:52.584,57
Mar 19 2025 13:45:53.567,57
Mar 19 2025 13:45:54.550,56
Mar 19 2025 13:45:55.533,56
Mar 19 2025 13:45:57.542,56
Mar 19 2025 13:45:59.551,56
Mar 19 2025 13:46:0.449,56
Mar 19 2025 13:46:2.415,56
Mar 19 2025 13:46:3.398,56
Mar 19 2025 13:46:4.384,57
Mar 19 2025 13:46:6.348,57
Mar 19 2025 13:46:7.331,57
Mar 19 2025 13:46:8.314,57
Mar 19 2025 13:46:12.247,57
Mar 19 2025 13:46:13.230,58
Mar 19 2025 13:46:14.213,56
Mar 19 2025 13:46:15.197,56
Mar 19 2025 13:46:16.180,56
Mar 19 2025 13:46:18.146,56
Mar 19 2025 13:46:19.129,56
Mar 19 2025 13:46:20.112,56
Mar 19 2025 13:46:21.95,56
Mar 19 2025 13:46:23.62,56
Mar 19 2025 13:46:26.994,58
Mar 19 2025 13:46:27.977,58
Mar 19 2025 13:46:28.960,60
Mar 19 2025 13:46:30.926,61
Mar 19 2025 13:46:32.892,61
Mar 19 2025 13:46:34.901,61
Mar 19 2025 13:46:36.910,61
Mar 19 2025 13:46:38.919,61
Mar 19 2025 13:46:40.928,61
Mar 19 2025 13:46:43.707,60
Mar 19 2025 13:46:45.674,60
Mar 19 2025 13:46:46.656,58
Mar 19 2025 13:46:49.563,57
Mar 19 2025 13:46:50.546,57
Mar 19 2025 13:46:51.529,57
Mar 19 2025 13:46:56.359,57
Mar 19 2025 13:47:5.121,59
Mar 19 2025 13:47:7.87,59
Mar 19 2025 13:47:9.53,59
Mar 19 2025 13:47:9.994,59
Mar 19 2025 13:47:11.960,59
Mar 19 2025 13:47:14.995,58
Mar 19 2025 13:47:16.833,58
Mar 19 2025 13:47:18.671,59
Mar 19 2025 13:47:19.697,59
Mar 19 2025 13:47:21.535,60
Mar 19 2025 13:47:24.398,59
Mar 19 2025 13:47:25.342,59
Mar 19 2025 13:47:27.264,58
Mar 19 2025 13:47:29.272,58
Mar 19 2025 13:47:31.109,58
Mar 19 2025 13:47:33.118,58
Mar 19 2025 13:47:35.899,59
Mar 19 2025 13:47:40.769,59
Mar 19 2025 13:47:42.650,59
Mar 19 2025 13:47:44.619,59
Mar 19 2025 13:47:46.625,59
Mar 19 2025 13:47:48.634,59
Mar 19 2025 13:47:59.919,59
Mar 19 2025 13:48:1.928,59
Mar 19 2025 13:48:2.826,59
Mar 19 2025 13:48:3.724,58
Mar 19 2025 13:48:5.647,58
Mar 19 2025 13:48:7.614,59
Mar 19 2025 13:48:11.418,59
Mar 19 2025 13:48:17.274,59
Mar 19 2025 13:48:19.241,59
Mar 19 2025 13:48:20.224,59
Mar 19 2025 13:48:22.190,59
Mar 19 2025 13:48:23.173,59
Mar 19 2025 13:48:24.157,59
Mar 19 2025 13:48:26.166,59
Mar 19 2025 13:48:27.106,59
Mar 19 2025 13:48:29.73,59
Mar 19 2025 13:48:32.22,59
Mar 19 2025 13:48:34.31,59
Mar 19 2025 13:48:35.956,60
Mar 19 2025 13:48:36.938,60
Mar 19 2025 13:48:37.921,60
Mar 19 2025 13:48:38.905,60
Mar 19 2025 13:48:39.888,59
Mar 19 2025 13:48:40.871,59
Mar 19 2025 13:48:42.838,57
Mar 19 2025 13:48:43.821,57
Mar 19 2025 13:48:46.728,57
Mar 19 2025 13:48:47.711,57
Mar 19 2025 13:48:49.720,57
Mar 19 2025 13:48:50.704,57
Mar 19 2025 13:49:16.824,60
Mar 19 2025 13:49:26.485,61
Mar 19 2025 13:49:28.494,61
Mar 19 2025 13:49:31.231,59
Mar 19 2025 13:49:39.952,57
Mar 19 2025 13:49:44.740,57
Mar 19 2025 13:51:16.735,60
Mar 19 2025 13:51:32.978,60
Mar 19 2025 13:51:58.794,60
Mar 19 2025 13:52:3.581,57
Mar 19 2025 13:52:5.549,57
Mar 19 2025 13:54:13.37,56
Mar 19 2025 13:54:13.937,56
Mar 19 2025 13:54:14.960,56
Mar 19 2025 13:54:24.405,57
Mar 19 2025 13:55:55.642,51
Mar 19 2025 13:55:56.625,51
Mar 19 2025 13:55:57.608,51
Mar 19 2025 13:55:59.617,51
Mar 19 2025 13:56:1.540,51
Mar 19 2025 13:56:9.403,54
Mar 19 2025 13:57:22.356,57
Mar 19 2025 13:57:24.236,55
Mar 19 2025 13:57:25.219,55
Mar 19 2025 13:57:26.288,55
Mar 19 2025 13:57:27.99,55
Mar 19 2025 13:57:29.110,55
Mar 19 2025 13:57:30.949,55
Mar 19 2025 13:57:31.930,55
Mar 19 2025 13:57:32.827,55
Mar 19 2025 13:57:34.835,55
Mar 19 2025 13:57:35.733,55
Mar 19 2025 13:57:37.699,55
Mar 19 2025 13:57:39.708,55
Mar 19 2025 13:57:41.460,55
Mar 19 2025 13:57:42.486,55
Mar 19 2025 13:57:43.341,55
Mar 19 2025 13:57:44.323,55
Mar 19 2025 13:57:46.247,55
Mar 19 2025 13:57:56.888,54
Mar 19 2025 13:57:57.871,55
Mar 19 2025 13:57:58.768,55
Mar 19 2025 13:57:59.751,55
Mar 19 2025 13:58:1.717,55
Mar 19 2025 13:58:3.683,55
Mar 19 2025 13:58:4.666,55
Mar 19 2025 13:58:5.649,55
Mar 19 2025 13:58:6.632,54
Mar 19 2025 13:58:7.614,54
Mar 19 2025 13:58:9.580,54
Mar 19 2025 13:58:11.546,55
Mar 19 2025 13:58:12.529,55
Mar 19 2025 13:58:13.512,55
Mar 19 2025 13:58:14.495,55
Mar 19 2025 13:58:16.503,55
Mar 19 2025 13:58:17.444,55
Mar 19 2025 13:58:18.427,55
Mar 19 2025 13:58:20.435,55
Mar 19 2025 13:58:24.282,55
Mar 19 2025 13:58:25.307,55
Mar 19 2025 13:58:37.701,58
Mar 19 2025 13:58:38.727,58
Mar 19 2025 13:58:40.565,57
Mar 19 2025 13:58:41.507,57
Mar 19 2025 13:58:42.445,57
Mar 19 2025 13:58:43.431,57
Mar 19 2025 13:58:45.352,56
Mar 19 2025 13:58:47.317,56
Mar 19 2025 13:58:48.215,56
Mar 19 2025 13:58:49.198,56
Mar 19 2025 13:59:2.707,57
Mar 19 2025 13:59:3.730,57
Mar 19 2025 13:59:4.670,57
Mar 19 2025 13:59:5.568,57
Mar 19 2025 13:59:6.594,57
Mar 19 2025 13:59:8.432,57
Mar 19 2025 13:59:9.458,57
Mar 19 2025 13:59:10.312,57
Mar 19 2025 13:59:17.109,57
Mar 19 2025 13:59:31.513,53
Mar 19 2025 13:59:34.505,54
Mar 19 2025 13:59:36.428,54
Mar 19 2025 13:59:37.368,54
Mar 19 2025 13:59:38.266,54
Mar 19 2025 14:02:2.955,54
Mar 19 2025 14:02:10.607,57
Mar 19 2025 14:02:11.504,57
Mar 19 2025 14:02:12.487,57
Mar 19 2025 14:02:13.427,57
Mar 19 2025 14:02:14.368,56
Mar 19 2025 14:02:17.317,56
Mar 19 2025 14:02:26.165,57
Mar 19 2025 14:03:11.348,61
Mar 19 2025 14:05:12.197,55
Mar 19 2025 14:06:30.849,56
Mar 19 2025 14:06:31.747,56
Mar 19 2025 14:06:32.772,56
Mar 19 2025 14:06:35.551,56
Mar 19 2025 14:06:42.305,57
Mar 19 2025 14:06:46.195,57